locale,af-ZA,ar,az-AZ,bg-BG,bn-BD,bs-BA,ca,cs,da,de,el,en,es,et-EE,eu,fa-IR,fi,fr,ga-IE,gl-ES,gu-IN,he,hi-IN,hr-HR,hu,id,it,ja,ka-GE,kk-KZ,km-KH,kn-IN,ko,ky-KG,lt-LT,lv-LV,mk-MK,ml-IN,mr-IN,ms,my,nb,nl,pa-IN,pl,pt-BR,pt-PT,ro-RO,ru,sk-SK,sl-SI,sq-AL,sr,sv,sw,ta-IN,te-IN,th,tl-PH,tr,ug,uk-UA,ur,vi,yue,zh-CN,zh-HK,zh-Hant
en,Afrikaans,Arabic,Azerbaijani,Bulgarian ,Bangla ,Bosnian,Catalan,Czech,Danish,German,Greek,English,Spanish,Estonian ,Basque,Persian ,Finnish,French,Irish,Galician,Gujarati ,Hebrew,Hindi,Croatian ,Hungarian,Indonesian,Italian,Japanese,Georgian,Kazakh,Khmer ,Kannada,Korean,Kyrgyz,Lithuanian,Latvian ,Macedonian,Malayalam,Marathi,Malay,Burmese,Norwegian Bokmål,Dutch,Punjabi ,Polish,Brazilian Portuguese,European Portuguese,Romanian,Russian,Slovak,Slovenian ,Albanian ,Serbian,Swedish,Swahili,Tamil ,Telugu ,Thai,Filipino ,Turkish,Uyghur,Ukrainian,Urdu,Vietnamese,Cantonese,Chinese (China),Chinese (Hong Kong),Traditional Chinese
af-ZA,Afrikaans,Arabies,Azerbeidjans ,Bulgaars ,Bengaals,Bosnies ,Katalaans,Tsjeggies,Deens,Duits,Grieks,Engels,Spaans,Estnies ,Baskies,Persies,Fins,Frans,Iers ,Galisies,Goedjarati ,Hebreeus,Hindi ,Kroaties,Hongaars,Indonesies,Italiaans,Japannees,Georgies ,Kazaks ,Khmer ,Kannada ,Koreaans,Kirgisies ,Litaus,Letties,Masedonies ,Malabaars ,Marathi ,Maleis,Birmaans,Boeknoors,Nederlands,Pandjabi,Pools,Portugees (Brasilië),Portugees (Portugal),Roemeens ,Russies,Slowaaks ,Sloweens ,Albanees,Serwies,Sweeds,Swahili,Tamil ,Teloegoe ,Thai,Filippyns ,Turks,Uighur,Oekraïens ,Oerdoe,Viëtnamees,Kantonees,Chinees (China),Chinees (Hongkong),Chinees (Tradisioneel)
ar,الأفريقانية,العربية,الأذربيجانية,البلغارية,البنغالية,البوسنية,الكتالونية,التشيكية,الدانمركية,الألمانية,اليونانية,الإنجليزية,الإسبانية,الإستونية,الباسكية,الفارسية,الفنلندية,الفرنسية,الأيرلندية,الجاليكية,الغوجاراتية ,العبرية,الهندية ,الكرواتية,الهنغارية,الإندونيسية,الإيطالية,اليابانية,الجورجية,الكازاخستانية,الخميرية,الكنادية,الكورية,القيرغيزية,الليتوانية,اللاتفية,المقدونية,المالايالامية,الماراثية,الماليزية,البورمية,النرويجية بوكمال,الهولندية,البنجابية,البولندية,البرتغالية البرازيلية (البرازيل),البرتغالية الأوروبية (البرتغال),الرومانية,الروسية,السلوفاكية,السلوفينية,الألبانية,الصربية,السويدية,السواحلية,التاميلية,التيلوغوية,التايلاندية,الفلبينية,التركية,الأويغورية,الأوكرانية,الأوردية,الفيتنامية,الكَنْتُونية,الصينية (الصين),الصينية (هونغ كونغ),الصينية التقليدية
az-AZ,Afrika dili,Ərəbcə,Azərbaycan dili,Bulqar dili,Banqladeş dili,Bosniya dili,Katalan dili,Çex dili,Danimarka dili,Alman dili,Yunan dili,İngilis dili,İspan dili,Eston dili,Bask dili,Farsca,Fin dili,Fransız dili,İrland dili,Qalisiya dili ,Qucarat dili,İvrit dili,Hind dili,Xorvat dili,Macar dili,İndoneziya dili,İtalyan dili,Yapon dili,Gürcü dili,Kazak dili,Kxmer dili,Kannada dili ,Koreya dili,Qırğız dili,Litva dili,Latış dili,Makedon dili,Malayalam dili ,Marathi dili,Malay dili,Birma dili,Norveç dili,Niderland dili,Pəncabi dili ,Polyak dili,Portuqal dili (Braziliya),Portuqal dili (Portuqaliya),Rumın dili,Rus dili,Slovak dili,Sloven dili,Alban dili,Serb dili,İsveç dili,Suahili dili,Tamil dili,Teluqu dili ,Tay dili,Filippin dili,Türk dili,Uyğur dili,Ukrayna dili,Urdu dili,Vyetnam dili,Kanton dili,Çin dili (Çin),Çin dili (Honkonq),Çin dili (Klassik)
bg-BG,Африканс,Арабски,Азербайджански,Български,Бенгалски,Босненски,Каталонски,Чешки,Датски,Немски,Гръцки,Английски,Испански,Естонски,Баски,Персийски,Фински,Френски,Ирландски,Галисийски,Гуджарати,Иврит,Хинди,Хърватски,Унгарски,Индонезийски,Италиански,Японски,Грузински,Казахски,Кхмерски,Каннада,Корейски,Киргизки,Литовски,Латвийски,Македонски,Малаялам,Марати,Малайски,Бирмански,Норвежки,Нидерландски,Пенджабски,Полски,Португалски (Бразилия),Португалски (Португалия),Румънски,Руски,Словашки,Словенски,Албански,Сръбски,Шведски,Суахили,Тамилски,Телугу,Тайски,Филипински,Турски,Уйгурски,Украински,Урду,Виетнамски,Кантонски,Китайски (Китай),Китайски (Хонконг),Китайски (традиционен)
bn-BD,আফ্রিকান ,আরবী,আজারবাইজানী ,বুলগেরিয় ,বাংলা ,বসনীয় ,কাতালান,চেক,ডেনিশ,জার্মান,গ্রিক,ইংরেজি,স্প্যানিশ,এস্তোনীয় ,বাস্ক,ফার্সি ,ফিনিশ,ফরাসি,আইরিশ ,গ্যালিশিয় ,গুজরাটি ,হিব্রু,হিন্দি ,ক্রোয়েশীয় ,হাঙ্গেরীয়,ইন্দোনেশীয়,ইতালিয়,জাপানি,জর্জিয়ান ,কাজাখ ,খমের ,কন্নড় ,কোরিয়ান,কির্গিজ ,লিথুয়েনীয় ,লাত্‌ভীয় ,ম্যাসিডোনীয় ,মালায়ালাম ,মারাঠি ,মালয়,বর্মি,নরওয়েজিয়ান বোকমাল,ওলন্দাজ,পাঞ্জাবী ,পোলিশ,পর্তুগীজ (ব্রাজিল),পর্তুগীজ (ইউরোপ),রোমানীয় ,রুশ,স্লোভাক ,স্লোভেনীয় ,আলবেনীয় ,সার্বীয়,সুইডিশ,সোয়াহিলি,তামিল ,তেলুগু ,থাই,ফিলিপিনো ,তুর্কী,উইঘুর,ইউক্রেনীয় ,উর্দু,ভিয়েতনামী,ক্যান্টোনিজ,চীনা (চীন),চীনা (হংকং),চীনা (ঐতিহ্যবাহী)
bs-BA,afrikaans,arapski,azerbajdžanski,bugarski,bengalski,bosanski,katalonski,češki,danski,njemački,grčki,engleski,španski,estonski,baskijski,perzijski,finski,francuski,irski,galicijski,gudžaratski,hebrejski,hindski,hrvatski,mađarski,indonezijski,talijanski,japanski,gruzijski,kazaški,kmerski,karnatački,korejski,kirgiski,litavski,latvijski,makedonski,malajalamski,marathski,malajski,burmanski,norveški bokmål,nizozemski,pandžapski,poljski,brazilski portugalski,europski portugalski,rumunjski,ruski,slovački,slovenski,albanski,srpski,švedski,svahilski,tamilski,teluški,tajski,filipinski,turski,ujgurski,ukrajinski,urdski,vijetnamski,kantonski,kineski (Kina),kineski (Hong Kong),kineski (tradicionalni)
ca,afrikaans,àrab,azerbaidjanès,búlgar,bengalí,bosnià,català,txec,danès,alemany,grec,anglès,espanyol,estonià,e,persa,finès,francès,irlandès,gallec,gujarati,hebreu,hindi,croat,hongarès,indonesi,italià,japonès,georgià,kazakh,khmer,kannada,coreà,kirguís,lituà,letó,macedoni,malaiàlam,marathi,malai,birmà,noruec bokmål,neerlandès,panjabi,polonès,portuguès del Brasil,portuguès de Portugal,romanès,rus,eslovac,eslovè,albanès,serbi,suec,suahili,tàmil,telugu,tailandès ,filipí,turc,uigur,ucraïnès,urdu,vietnamita,cantonès,xinès,xinès de Hong Kong,xinès tradicional
cs,Afrikánština,Arabština,Ázerbájdžánština,Bulharština,Bengálština,Bosenština,Katalánština,Čeština,Dánština,Němčina,Řečtina,Angličtina,Španělština,Estonština,basc,Perština,Finština,Francouzština,Irština,Galicijština,Gudžarátština,Hebrejština,Hindština,Chorvatština,Maďarština,Indonéština,Italština,Japonština,Gruzínština,Kazaština,Khmérština,Kannadština,Korejština,Kyrgyzština,Litevština,Lotyština,Makedonština,Malajálamština,Maráthština,Malajština,Barmština,Norština,Nizozemština,Paňdžábština,Polština,Portugalština (brazilská),Portugalština (evropská),Rumunština,Ruština,Slovenština,Slovinština,Albánština,Srbština,Švédština,Svahilština,Tamilština,Telugština,Thajština,Filipínština,Turečtina,Ujgurština,Ukrajinština,Urdština,Vietnamština,Kantonština,Čínština (Čína),Čínština (Hongkong),Čínština (tradiční)
da,Afrikaans,Arabisk,Aserbajdsjansk,Bulgarsk,Bengali,Bosnisk,Catalansk,Tjekkisk,Dansk,Tysk,Græsk,Engelsk,Spansk,Estisk,Baskisk,Persisk,Finsk,Fransk,Irsk,Galicisk,Gujarati,Hebraisk,Hindi,Kroatisk,Ungarsk,Indonesisk,Italiensk,Japansk,Georgisk,Kasakhisk,Khmer,Kannada,Koreansk,Kirgisisk,Litauisk,Lettisk,Makedonsk,Malayalam,Marathisk,Malajisk,Burmesisk,Bokmål,Nederlandsk,Punjabisk,Polsk,Brasiliansk portugisisk,Europæisk portugisisk,Rumænsk,Russisk,Slovakisk,Slovensk,Albansk,Serbisk,Svensk,Swahili,Tamil,Telugu,Thai,Filippinsk,Tyrkisk,Uygurisk,Ukrainsk,Urdu,Vietnamesisk,Kantonesisk,Kinesisk (Kina),Kinesisk (Hongkong),Traditionelt kinesisk
de,Afrikaans,Arabisch,Aserbaidschanisch,Bulgarisch,Bengalisch,Bosnisch,Katalanisch,Tschechisch,Dänisch,Deutsch,Griechisch,Englisch,Spanisch,Estnisch,Baskisch,Persisch,Finnisch,Französisch,Irisch,Galizisch,Gujarati,Hebräisch,Hindi,Kroatisch,Ungarisch,Indonesisch,Italienisch,Japanisch,Georgisch,Kasachisch,Khmer,Kannada,Koreanisch,Kirgisisch,Litauisch,Lettisch,Mazedonisch,Malayalam,Marathi,Malaiisch,Birmanisch,Norwegisch,Niederländisch,Punjabi,Polnisch,Portugiesisch (Brasilien),Portugiesisch (Portugal),Rumänisch,Russisch,Slowakisch,Slowenisch,Albanisch,Serbisch,Schwedisch,Suaheli,Tamil,Telugu,Thailändisch,Filipino,Türkisch,Uigurisch,Ukrainisch,Urdu,Vietnamesisch,Kantonesisch,Chinesisch,Chinesisch (Hongkong),Chinesisch (traditionell)
el,Αφρικάανς,Αραβικά,Αζερμπαϊτζανικά,Βουλγαρικά,Βεγγαλικά,Βοσνιακά,Καταλανικά,Τσεχικά,Δανικά,Γερμανικά,Ελληνικά,Αγγλικά,Ισπανικά,Εσθονικά,Βασκικά,Περσικά,Φινλανδικά,Γαλλικά,Ιρλανδικά,Γαλικιανά,Γκουτζαράτι,Εβραϊκά,Χίντι,Κροατικά,Ουγγρικά,Ινδονησιακά,Ιταλικά,Ιαπωνικά,Γεωργιανά,Καζακικά,Χμερ,Κάναντα,Κορεατικά,Κιργιζικά,Λιθουανικά,Λετονικά,Σλαβομακεδονικά,Μαλαγιαλάμ,Μαραθικά,Μαλαισιανά,Βιρμανικά,Νορβηγικά Μποκμάλ,Ολλανδικά,Παντζάμπι,Πολωνικά,Πορτογαλικά Βραζιλίας,Πορτογαλικά Ευρώπης,Ρουμανικά,Ρωσικά,Σλοβακικά,Σλοβενικά,Αλβανικά,Σερβικά,Σουηδικά,Σουαχίλι,Ταμίλ,Τελούγκου,Ταϊλανδικά,Φιλιππινέζικα,Τουρκικά,Ουιγουρικά,Ουκρανικά,Ούρντου,Βιετναμικά,Καντονέζικα,Κινεζικά (Κίνα),Κινεζικά (Χονγκ Κονγκ),Παραδοσιακά Κινεζικά
es,afrikáans,árabe,azerbaiyano,búlgaro,bengalí,bosnio,catalán,checo,danés,alemán,griego,inglés,español,estonio,euskera,persa,finés,francés,irlandés,gallego,guyaratí,hebreo,hindi,croata,húngaro,indonesio,italiano,japonés,georgiano,kazajo,jemer,canarés,coreano,kirguís,lituano,letón,macedonio,malayálam,maratí,malayo,birmano,noruego bokmal,neerlandés,punyabí,polaco,portugués de Brasil,portugués de Portugal,rumano,ruso,eslovaco,esloveno,albanés,serbio,sueco,suajili,tamil,telugu,tailandés,filipino,turco,uigur,ucraniano,urdu,vietnamita,cantonés,chino,chino de Hong Kong,chino tradicional
et-EE,afrikaani,araabia,aserbaidžaani,bulgaaria,bengali,bosnia,katalaani,tšehhi,taani,saksa,kreeka,inglise,hispaania,eesti,baski,pärsia,soome,prantsuse,iiri,galeegi,gudžarati,heebrea,hindi,horvaadi,ungari,indoneesia,itaalia,jaapani,gruusia,kasahhi,khmeeri,kannada,korea,kirgiisi,leedu,läti,makedoonia,malajalami,marathi,malai,birma,norra bokmåli,hollandi,pandžabi,poola,portugali (Brasiilia),portugali (Euroopa),rumeenia,vene,slovaki,sloveeni,albaania,serbia,rootsi,suahiili,tamili,telugu,tai,filipiini,türgi,uiguuri,ukraina,urdu,vietnami,kantoni,hiina (Hiina),hiina (Hongkong),traditsiooniline hiina
eu,Afrikaansa,Arabiera,Azerbaijanera,Bulgariera,Bengalera,Bosniera,Katalana,Txekiera,Daniera,Alemana,Greziera,Ingelesa,Gaztelania,Estoniera,Euskara,Persiera,Finlandiera,Frantsesa,Irlandera,Galiziera,Gujaratera,Hebreera,Hindia,Kroaziera,Hungariera,Indonesiera,Italiera,Japoniera,Georgiera,Kazakhera,Khmerera,Kannada,Koreera,Kirgizera,Lituaniera,Letoniera,Mazedoniera,Malabarera,Marathera,Malaysiera,Birmaniera,Norvegiera,Nederlandera,Punjabera,Poloniera,Portugesa (Brasil),Portugesa (Portugal),Errumaniera,Errusiera,Eslovakiera,Esloveniera,Albaniera,Serbiera,Suediera,Swahilia,Tamilera,Telugua,Thailandiera,Filipinera,Turkiera,Uigurrera,Ukrainera,Urdua,Vietnamera,Kantonera,Txinera (Txina),Txinera (Hong Kong),Txinera tradizionala
fa-IR,آفریقایی,عربی,آذربایجانی,بلغاری,بنگالی,بوسنیایی,کاتالان,چکی,دانمارکی,آلمانی,یونانی,انگلیسی,اسپانیایی,استونیایی,باسکی,فارسی,فنلاندی,فرانسوی,ایرلندی,گالیسیایی,گجراتی,عبری,هندی,کروات,مجاری,اندونزیایی,ایتالیایی,ژاپنی,گرجی,قزاق,خمر,کنادا,کره‌ای,قرقیزی,لیتوانیایی,لتونیایی,مقدونی,مالایالامی,مراتی,مالایی,برمه‌ای,نروژی بوک‌مُل,هلندی,پنجابی,لهستانی,پرتغالی برزیل,پرتغالی اروپا,رومانیایی,روسی,اسلواکی,اسلوونیایی,آلبانیایی,صربی,سوئدی,سواحیلی,تامیلی,تلوگو,تایلندی,فیلیپینی,ترکی استانبولی,اویغور,اوکراینی,اردو,ویتنامی,کانتونی,چینی (چین),چینی (هنگ‌کنگ),چینی سنتی
fi,afrikaans,arabia,azeri,bulgaria,bengali,bosnia,katalaani,tšekki,tanska,saksa,kreikka,englanti,espanja,viro,baski,persia,suomi,ranska,iiri,galicia,gudžarati,heprea,hindi,kroatia,unkari,indonesia,italia,japani,georgia,kazakki,khmer,kannada,korea,kirgiisi,liettua,latvia,makedonia,malajalam,marathi,malaiji,burma,norjan bokmål,hollanti,pandžabi,puola,brasilianportugali,euroopanportugali,romania,venäjä,slovakki,sloveeni,albania,serbia,ruotsi,swahili,tamili,telugu,thai,filipino,turkki,uiguuri,ukraina,urdu,vietnam,kantoninkiina,kiina (Kiina),kiina (Hongkong),kiina (perinteinen)
fr,afrikaans,arabe,azerbaïdjanais,bulgare,bengali,bosniaque,catalan,tchèque,danois,allemand,grec,anglais,espagnol,estonien,basque,persan,finnois,français,irlandais,galicien,goudjarati,hébreu,hindi,croate,hongrois,indonésien,italien,japonais,géorgien,kazakh,khmer,kannada,coréen,kirghize,lituanien,letton,macédonien,malayalam,marathi,malais,birman,norvégien bokmål,néerlandais,pendjabi,polonais,portugais brésilien,portugais européen,roumain,russe,slovaque,slovène,albanais,serbe,suédois,swahili,tamoul,télougou,thaï,filipino,turc,ouïghour,ukrainien,ourdou,vietnamien,cantonais,chinois,chinois,chinois traditionnel
ga-IE,Afracáinis,Araibis,Asarbaiseáinis,Bulgáiris,Beangáilis,Boisnis,Catalóinis,Seicis,Danmhairgis,Gearmáinis,Gréigis,Béarla,Spáinnis,Eastóinis,Bascais,Dairis,Fionlainnis,Fraincis,Gaeilge,Gailísis,Gúisearáitis,Eabhrais,Hiondúis,Cróitis,Ungáiris,Indinéisis,Iodáilis,Seapáinis,Seoirsis,Casaicis,Ciméiris,Cannadais,Cóiréis,Cirgisis,Liotuáinis,Laitvis,Macadóinis,Mailéalaimis,Maraitis,Malaeis,Burmais,Ioruais,Ísiltíris,Puinseáibis,Polainnis,Portaingéilis na Brasaíle,Portaingéilis na hEorpa,Rómáinis,Rúisis,Slóvaicis,Slóivéinis,Albáinis,Seirbis,Sualainnis,Svahaílis,Tamailis,Teileagúis,Téalainnis,Filipínis,Tuircis,Uigiúiris,Úcráinis,Urdúis,Vítneaimis,Cantainis,Sínis (an tSín),Sínis (Hong Cong),Sínis thraidisiúnta
gl-ES,afrikaans,árabe,acerbaixano,búlgaro,bengalí,bosníaco,catalán,checo,danés,alemán,grego,inglés,español,estoniano,vasco,persa ,finés,francés,irlandés,galego,guxarati,hebreo,hindi,croata,húngaro,lingua indonesia,italiano,xaponés,xeorxiano,casaco ,camboxano,kanarés,coreano,quirguiz,lituano,letón,macedonio,malayalam,marathi,malaio,birmano, noruegués bokmål ,neerlandés,punjabi,polaco,portugués (Brasil),portugués (Portugal),romanés,ruso,eslovaco,esloveno,albanés,serbio,sueco,suahili,támil,telugu,tailandés,filipino ,turco,uigur,ucraíno,urdú,vietnamita,cantonés,chinés (China),chinés (Hong Kong),chinés tradicional
gu-IN,આફ્રિકન્સ,અરબી,અઝરબૈજાની,બલ્ગેરિયન,બંગાળી,બોસ્નિયન,કતલાન,ચેક,ડેનિશ,જર્મન,ગ્રીક,અંગ્રેજી,સ્પેનિશ,એસ્ટોનિયન,બાસ્ક,ફારસી,ફિનિશ,ફ્રેન્ચ,આઇરિશ,ગેલિશિયન,ગુજરાતી,હીબ્રુ,હિન્દી,ક્રોએશિયન,હંગેરિયન,ઇન્ડોનેશિયન,ઇટાલિયન,જાપાનીઝ,જ્યોર્જિયન,કઝાખ,ખ્મેર,કન્નડ,કોરિયન,કિર્ગીઝ,લિથુઆનિયન,લાતવિયન,મેસેડોનિયન,મલયાલમ,મરાઠી,મલય,બર્મીઝ,નોર્વેજિયન બોકમાલ,ડચ,પંજાબી,પોલીશ,બ્રાઝિલીયન પોર્ટુગીઝ,યુરોપિયન પોર્ટુગીઝ,રોમાનિયન,રશિયન,સ્લોવૅક,સ્લોવેનિયન,અલ્બેનિયન,સર્બિયન,સ્વીડિશ,સ્વાહિલી,તમિલ,તેલુગુ,થાઈ,ફિલિપિનો,તુર્કી,ઉઇગુર,યુક્રેનિયન,ઉર્દૂ,વિયેતનામીસ,કેંટોનીઝ,ચાઇનીઝ (ચીન),ચાઇનીઝ (હોંગકોંગ),પારંપરિક ચાઇનીઝ
he,אפריקאנס,ערבית,אזרית,בולגרית,בנגלית,בוסנית,קטלאנית,צ׳כית,דנית,גרמנית,יוונית,אנגלית,ספרדית,אסטונית,בסקית,פרסית,פינית,צרפתית,אירית,גליסית,גוג'ראטית,עברית,הינדי,קרואטית,הונגרית,אינדונזית,איטלקית,יפנית,גאורגית,קזחית,חמרית,קאנדה,קוריאנית,קירגיזית,ליטאית,לטבית,מקדונית,מלאיאלאם,מראטהית,מלאית,בורמזית,נורווגית ספרותית,הולנדית,פנג'אבי,פולנית,פורטוגזית (ברזיל),פורטוגזית (פורטוגל),רומנית,רוסית,סלובקית,סלובנית,אלבנית,סרבית,שוודית,סוואהילי,טמילית,טלוגו,תאית,פיליפינית,טורקית,אויגורית,אוקראינית,אורדו,וייטנאמית,קנטונזית,סינית (סין),סינית (הונג קונג),סינית מסורתית
hi-IN,अफ़्रीकी ,अरबी,अज़रबैजानी ,बुल्गारियाई ,बंगाली ,बोस्नियाई ,कातालान,चेक,डेनिश,जर्मन,यूनानी,अंग्रेज़ी,स्पेनिश,एस्टोनियाई ,बास्क,फ़ारसी ,फ़िनिश,फ़्रेंच,आयरिश ,गैलिशियन,गुजराती,हिब्रू,हिन्दी,क्रोएशियाई,हंगेरियाई,इंडोनेशियाई,इतालवी,जापानी,जॉर्जियाई,कज़ाख़ ,खमेर ,कन्नड़,कोरियाई,किर्गीज़,लिथुआनियाई,लातवियाई,मकदूनियाई,मलयालम,मराठी,मलय,बर्मीज़,नॉर्वेजियाई बोकमाल,डच,पंजाबी,पोलिश,ब्राज़ीली पुर्तगाली,यूरोपीय पुर्तगाली,रोमानियाई,रूसी,स्लोवाक,स्लोवेनियाई,अल्बानियाई,सर्बियाई,स्वीडिश,स्वाहिली,तमिल,तेलुगू ,थाई,फ़िलिपीनो,तुर्की,उइगर,यूक्रेनियाई,उर्दू,वियतनामी,कैंटोनीज़,चीनी (चीन),चीनी (हाँग काँग),पारंपरिक चीनी
hr-HR,afrikaans,arapski,azerbajdžanski,bugarski,bengalski,bosanski,katalonski,češki,danski,njemački,grčki,engleski,španjolski,estonski,baskijski,perzijski,finski,francuski,irski,galicijski,gudžaratski,hebrejski,hindski,hrvatski,mađarski,indonezijski,talijanski,japanski,gruzijski,kazaški,kmerski,karnatački,korejski,kirgiski,litavski,latvijski,makedonski,malajalamski,marathski,malajski,burmanski,norveški bokmål,nizozemski,pandžapski,poljski,brazilski portugalski,europski portugalski,rumunjski,ruski,slovački,slovenski,albanski,srpski,švedski,svahilski,tamilski,teluški,tajski,filipinski,turski,ujgurski,ukrajinski,urdski,vijetnamski,kantonski,kineski (Kina),kineski (Hong Kong),kineski (tradicionalni)
hu,Afrikaans,Arab,Azerbajdzsáni,Bolgár,Bangla,Bosnyák,Katalán,Cseh,Dán,Német,Görög,Angol,Spanyol,Észt,Baszk,Perzsa,Finn,Francia,Ír,Gallego,Gudzsaráti,Héber,Hindi,Horvát,Magyar,Indonéz,Olasz,Japán,Grúz,Kazah,Khmer,Kannada,Koreai,Kirgiz,Litván,Lett,Macedón,Malajálam,Maráthi,Maláj,Burmai,Norvég,Holland,Pandzsábi,Lengyel,Brazíliai portugál,Európai portugál,Román,Orosz,Szlovák,Szlovén,Albán,Szerb,Svéd,Szuahéli,Tamil,Telugu,Thai,Filippínó,Török,Ujgur,Ukrán,Urdu,Vietnámi,Kantoni,Kínai (Kína),Kínai (Hongkong),Hagyományos kínai
id,Afrikaans,Arab,Azerbaijan,Bulgaria,Bengali,Bosnia,Katalan,Ceko,Denmark,Jerman,Yunani,Inggris,Spanyol,Estonia,Basque,Persia,Finlandia,Prancis,Irlandia,Galisia,Gujarat,Ibrani,Hindi,Kroasia,Hungaria,Indonesia,Italia,Jepang,Georgia,Kazakh,Khmer,Kannada,Korea,Kirgiz,Lituania,Latvia,Makedonia,Malayalam,Marathi,Melayu,Burma,Bokmål Norwegia,Belanda,Punjabi,Polandia,Portugis (Brasil),Portugis (Eropa),Rumania,Rusia,Slowakia,Slovenia,Albania,Serbia,Swedia,Swahili,Tamil,Telugu,Thai,Filipino,Turki,Uyghur,Ukraina,Urdu,Vietnam,Kanton,Mandarin (Tiongkok),Mandarin (Hong Kong),Mandarin Tradisional
it,Afrikaans,Arabo,Azero,Bulgaro,Bengalese,Bosniaco,Catalano,Ceco,Danese,Tedesco,Greco,Inglese,Spagnolo,Estone,Basco,Persiano,Finlandese,Francese,Irlandese,Galiziano,Gujarati,Ebraico,Hindi,Croato,Ungherese,Indonesiano,Italiano,Giapponese,Georgiano,Kazako,Khmer,Kannada,Coreano,Kirghiso,Lituano,Lettone,Macedone,Malayalam,Marathi,Malese,Birmano,Norvegese bokmål,Olandese,Punjabi,Polacco,Portoghese (brasiliano),Portoghese (europeo),Rumeno,Russo,Slovacco,Sloveno,Albanese,Serbo,Svedese,Swahili,Tamil,Telugu,Thailandese,Filippino,Turco,Uiguro,Ucraino,Urdu,Vietnamita,Cantonese,Cinese (Cina),Cinese (Hong Kong),Cinese tradizionale
ja,アフリカーンス語,アラビア語,アゼルバイジャン語,ブルガリア語,ベンガル語,ボスニア語,カタロニア語,チェコ語,デンマーク語,ドイツ語,ギリシャ語,英語,スペイン語,エストニア語,バスク語,ペルシア語,フィンランド語,フランス語,アイルランド語,ガリシア語,グジャラート語,ヘブライ語,ヒンディー語,クロアチア語,ハンガリー語,インドネシア語,イタリア語,日本語,ジョージア語,カザフ語,クメール語,カンナダ語,韓国語,キルギス語,リトアニア語,ラトビア語,マケドニア語,マラヤーラム語,マラーティー語,マレー語,ミャンマー語,ノルウェー語,オランダ語,パンジャブ語,ポーランド語,ポルトガル語 (ブラジル),ポルトガル語 (ヨーロッパ),ルーマニア語 ,ロシア語,スロバキア語 ,スロベニア語 ,アルバニア語,セルビア語,スウェーデン語,スワヒリ語,タミル語,テルグ語 ,タイ語,フィリピノ語,トルコ語,ウイグル語,ウクライナ語,ウルドゥー語,ベトナム語,広東語,中国語 (中国),中国語 (香港),繁体字中国語
ka-GE,აფრიკული ,არაბული,აზერბაიჯანული ,ბულგარული ,ბენგალური,ბოსნიური ,კატალონიური,ჩეხური,დანიური,გერმანული,ბერძნული,ინგლისური,ესპანური,ესტონური ,ბასკური,სპარსული ,ფინური,ფრანგული,ირლანდიური ,გალისიური,გუჯარათი,ებრაული,ჰინდი,ხორვატიული,უნგრული,ინდონეზიური,იტალიური,იაპონური,ქართული,ყაზახური,ქმერული,კანადა,კორეული,ყირგიზული,ლიტვური,ლატვიური,მაკედონიური,მალაიალამური,მარათული,მალაური,ბირმული,ნორვეგიული ბოკმალი,ჰოლანდიური,პენჯაბური,პოლონური,Portuguese (Brazil),Portuguese (Portugal),რუმინული,რუსული,სლოვაკური,სლოვენური,ალბანური,სერბული,შვედური,სუაჰილი,ტამილური,ტელუგუ,ტაილანდური,ფილიპინური,თურქული,უიღური,უკრაინული,ურდუ,ვიეტნამური,კანტონური,ჩინური (ჩინეთი),ჩინური (ჰონკონგი),ტრადიციული ჩინური
kk-KZ,африкаанс тілі ,араб тілі,әзербайжан тілі,болгар тілі,бангла тілі,босния тілі,каталондық тіл,чех тілі,дат тілі,неміс тілі,грек тілі,ағылшын тілі,испан тілі,эстон тілі,баск тілі,парсы тілі,фин тілі,француз тілі,ирландық тіл,галисий тілі,гуджарати тілі,иврит,хинди,хорват тілі,венгр тілі,индонезия тілі,итальян тілі,жапон тілі,грузин тілі,қазақ тілі,кхмер тілі,каннада тілі,кәріс тілі,қырғыз тілі,литва тілі,латыш тілі,македониялық тіл,малаялам тілі,марати тілі,малай тілі,бирма тілі,норвег тілі,голланд тілі,пенджаби тілі,поляк тілі,бразилиялық португал тілі,еуропалық португал тілі,румын тілі,орыс тілі,словак тілі,словен тілі,албан тілі,серб тілі,швед тіілі,суахили тілі,тамиль тілі,телугу тілі,тай тілі,филиппин тілі,түрік тілі,ұйғыр тілі,украин тілі,урду тілі,вьетнам тілі,кантон тілі,қытай тілі (Қытай),қытай тілі (Гонконг),дәстүрлі қытай тілі
km-KH,អាហ្រ្វិក,អារ៉ាប់,អាស៊ែបៃហ្សង់,ប៊ុលហ្ការី,បង់ក្លាដែស,បូស្ន៊ី,កាតាឡាន,ឆែក,ដាណឺម៉ាក,អាល្លឺម៉ង់,ក្រិក,អង់គ្លេស,អេស្ប៉ាញ,អេស្តូនី,បាស,ពែរ្ស,ហ្វាំងឡង់,បារាំង,អៀរឡង់,ហ្គាលីសៀន,ហ្គូចារ៉ាទី,ហេប្រ៊ូ,ហិណ្ឌូ,ក្រូអាស៊ី,ហុងគ្រី,ឥណ្ឌូណេស៊ី,អ៊ីតាលី,ជប៉ុន,ហ្សកហ្ស៊ី,កាហ្សាក់ស្ថាន,ខ្មែរ,ខាណាដា,កូរ៉េ,កៀហ្ស៊ីស៊ីស្ថាន,លីទុយអានី,ឡេតូនី,ម៉ាសេដ្វាន,ម៉ាឡាយ៉ាឡាម,ម៉ារ៉ាធី,ម៉ាឡេ,ភូមា,ន័រវែស,ហូឡង់,ពុនចាប៊ី,ប៉ូឡូញ,ព័រទុយហ្គាល់ប្រេស៊ីល,ព័រទុយហ្គាល់អឺរ៉ុប,រ៉ូម៉ានី,រុស្ស៊ី,ស្លូវ៉ាគី,ស្លូវេនី,អាល់បានី,ស៊ែប៊ី,ស៊ុយអែត,ស្វាហ៊ីលី,តាមីល,តេលូហ្គូ,ថៃ,ហ្វីលីពីន,តួកគី,អ៊ុយហ្គួ,អ៊ុយក្រែន,អ៊ូរឌូ,វៀតណាម,កាតាំង,ចិន (ចិន),ចិន (ហុងកុង),ចិនបុរាណ
kn-IN,ಆಫ್ರಿಕಾನ್ಸ್,ಅರೇಬಿಕ್,ಅಜೆರ್ಬೈಜಾನಿ ,ಬಲ್ಗೇರಿಯನ್ ,ಬಾಂಗ್ಲಾ ,ಬೋಸ್ನಿಯನ್ ,ಕೆಟಲಾನ್,ಜೆಕ್,ಡ್ಯಾನಿಶ್,ಜರ್ಮನ್,ಗ್ರೀಕ್,ಇಂಗ್ಲಿಷ್,ಸ್ಪ್ಯಾನಿಷ್,ಎಸ್ಟೊನಿಯನ್ ,ಬಾಸ್ಕ್,ಪರ್ಶಿಯನ್ ,ಫಿನ್ನಿಶ್,ಫ್ರೆಂಚ್,ಐರಿಷ್ ,ಗ್ಯಾಲಿಶಿಯನ್,ಗುಜರಾತಿ,ಹೀಬ್ರೂ,ಹಿಂದಿ,ಕ್ರೊಯೇಶಿಯನ್,ಹಂಗೇರಿಯನ್,ಇಂಡೋನೇಶಿಯನ್,ಇಟಾಲಿಯನ್,ಜಾಪನೀಸ್,ಜಾರ್ಜಿಯನ್,ಕಝಕ್ ,ಖಮೇರ್,ಕನ್ನಡ,ಕೊರಿಯನ್,ಕಿರ್ಗಿಜ್,ಲಿಥುವೇನಿಯನ್,ಲಾಟ್ವಿಯನ್,ಮೆಸಿಡೋನಿಯನ್,ಮಲಯಾಳಂ,ಮರಾಠಿ,ಮಲಯ್,ಬರ್ಮೀಸ್,ನಾರ್ವೆಜಿಯನ್ ಬೊಕ್ಮಲ್,ಡಚ್,ಪಂಜಾಬಿ,ಪೊಲಿಶ್,ಬ್ರೆಜಿಲಿಯನ್ ಪೋರ್ಚುಗೀಸ್,ಯೂರೋಪಿಯನ್ ಪೋರ್ಚುಗೀಸ್,ರೊಮೇನಿಯನ್,ರಷ್ಯನ್,ಸ್ಲೋವಾಕ್,ಸ್ಲೋವೇನಿಯನ್,ಅಲ್ಬೇನಿಯನ್ ,ಸೆರ್ಬಿಯನ್,ಸ್ವೀಡಿಷ್,ಸ್ವಹಿಲಿ,ತಮಿಳು,ತೆಲುಗು,ಥಾಯ್,ಫಿಲಿಪಿನೊ,ಟರ್ಕಿಶ್,ಉಯಿಘರ್,ಉಕ್ರೇನಿಯನ್ ,ಉರ್ದು,ವಿಯೆಟ್ನಾಮೀಸ್,ಕ್ಯಾಂಟನೀಸ್,ಚೈನೀಸ್ (ಚೀನಾ),ಚೈನೀಸ್ (ಹಾಂಗ್ ಕಾಂಗ್),ಸಾಂಪ್ರದಾಯಿಕ ಚೈನೀಸ್
ko,아프리칸스어,아랍어,아제르바이잔어,불가리아어,벵골어,보스니아어,카탈로니아어,체코어,덴마크어,독일어,그리스어,영어,스페인어,에스토니아어,바스크어,페르시아어,핀란드어,프랑스어,아일랜드어,갈리시아어,구자라트어,히브리어,힌디어,크로아티아어,헝가리어,인도네시아어,이탈리아어,일본어,조지아어,카자흐어,크메르어,칸나다어,한국어,키르기스어,리투아니아어,라트비아어,마케도니아어,말라얄람어,마라티어,말레이어,버마어,노르웨이어,네덜란드어,펀자브어,폴란드어,포르투갈어(브라질),포르투갈어(포르투갈),루마니아어,러시아어,슬로바키아어,슬로베니아어,알바니아어,세르비아어,스웨덴어,스와힐리어,타밀어,텔루구어,태국어,필리핀어,터키어,위구르어,우크라이나어,우르두어,베트남어,광둥어,중국어(중국),중국어(홍콩),중국어(번체)
ky-KG,африкаанс ,араб тили,азербайжанча,болгарча,бенгалча,боснияча,каталанча,чехче,датча,немисче,грекче,англисче,испанча,эстончо,баскча,персидче,финче,французча,ирландча,галисче,гуджарати,иврит,хинди,хорватча,венгерче,индонезияча,италиянча,жапончо,грузинче,казакча,кхмерче,каннада,корейче,кыргызча,литовчо,латышча,македончо,малаяламча,маратхиче,малайча,бирманча,норвегиялык букмолчо,нидерландча,панджабиче,польшалыкча,бразилиялык португалча,европалык португалча,румынча,орусча,словакча,словенче,албанча,сербче,шведче,суахиличе,тамилче,телугуча,тайча,филиппинче,түркчө,уйгурча,украинче,урдуча,вьетнамча,кантончо,кытайча (Кытай),кытайча (Гонконг),кытайча (салттуу жазуу)
lt-LT,afrikanų,arabų,azerbaidžaniečių,bulgarų,bengalų,bosnių,katalonų,čekų,danų,vokiečių,graikų,anglų,ispanų,estų,baskų,persų,suomių,prancūzų,airių,galisų,gudžaratų,hebrajų,hindi,kroatų,vengrų,indoneziečių,italų,japonų,gruzinų,kazachų,khmerų,kanadų,korėjiečių,kirgizų,lietuvių,latvių,makedonų,malajalių,maratų,malajiečių,birmiečių,norvegų bukmolas,olandų,pandžabų,lenkų,portugalų (Brazilija),portugalų (Portugalija),rumunų,rusų,slovakų,slovėnų,albanų,serbų,švedų,suahilių,tamilų,telugų,tajų,filipiniečių,turkų,uigūrų,ukrainiečių,urdu,vietnamiečių,kinų (Kantono tarmė),kinų (Kinija),kinų (Honkongas),kinų (tradicinė)
lv-LV,afrikandu,arābu,azerbaidžāņu,bulgāru,bengāļu,bosniešu,katalāņu,čehu,dāņu,vācu,grieķu,angļu,spāņu,igauņu,basku,persiešu,somu,franču,īru,galisiešu,gudžaratu,ivrits,hindi,horvātu,ungāru,indonēziešu,itāļu,japāņu,gruzīnu,kazahu,khmeru,kannadu,korejiešu,kirgīzu,lietuviešu,latviešu,maķedoniešu,malajalu,marathu,malajiešu,birmiešu,norvēģu bukmols,holandiešu,pandžabu,poļu,portugāļu (Brazīlija),portugāļu (Portugāle),rumāņu,krievu,slovāku,slovēņu,albāņu,serbu,zviedru,svahili,tamilu,telugu,taju,filipīniešu,turku,uiguru,ukraiņu,urdu,vjetnamiešu,kantoniešu,ķīniešu (Ķīna),ķīniešu (Honkonga),ķīniešu tradicionālā
mk-MK,африканс ,арапски,азербејџански ,бугарски ,бенгалски ,босански  ,каталонски,чешки,дански,германски,грчки,англиски,шпански,естонски ,баскиски,персиски,фински,француски,ирски ,галициски ,гуџаратски ,хебрејски,хинди,хрватски,унгарски,индонезиски,италијански,јапонски,грузијски,казахстански,кмерски,канадски,корејски,киргиски,литвански,летонски,македонски,малајаламски,маратски,малајски,бурмански,норвешки (букмол),холандски,пенџапски,полски,бразилски португалски ,португалски,романски,руски,словачки,словенечки,албански,српски,шведски,свахилски,тамилски,телугу,тајландски,филипински,турски,ујгурски,украински,урду,виетнамски,кантонски,кинески (Кина),кинески (Хонг Конг),традиционален кинески
ml-IN,ആഫ്രിക്കാൻസ് ,അറബിക്,അസർബൈജാനി ,ബൾഗേറിയൻ,ബംഗ്ലാ ,ബോസ്നിയൻ ,കറ്റാലാൻ,ചെക്ക്,ഡാനിഷ്,ജർമ്മൻ,ഗ്രീക്ക്,ഇംഗ്ലീഷ്,സ്‌പാനിഷ്,എസ്റ്റോണിയൻ ,ബാസ്‌ക്,പേർഷ്യൻ ,ഫിന്നിഷ്,ഫ്രഞ്ച്,ഐറിഷ് ,ഗലീഷ്യൻ,ഗുജറാത്തി,ഹീബ്രു,ഹിന്ദി,ക്രൊയേഷ്യൻ,ഹംഗേറിയൻ,ഇന്തോനേഷ്യൻ,ഇറ്റാലിയൻ,ജാപ്പനീസ്,ജോർജിയൻ,കസാഖ്,ഖമെർ,കന്നഡ,കൊറിയൻ,കിർഗിസ്,ലിത്വാനിയൻ,ലാറ്റ്വിയൻ,മാസിഡോണിയൻ,മലയാളം,മറാത്തി,മലെയ്,ബർമീസ്,നോർവീജിയൻ ബുക്‌മൽ,ഡച്ച്,പഞ്ചാബി,പോളിഷ്,ബ്രസീലിയൻ പോർച്ചുഗീസ്,യൂറോപ്യൻ പോർച്ചുഗീസ്,റൊമാനിയൻ,റഷ്യൻ,സ്ലോവാക്,സ്ലോവേനിയൻ,അൽബേനിയൻ,സെർബിയൻ,സ്വീഡിഷ്,സ്വാഹിലി,തമിഴ് ,തെലുങ്ക് ,തായ്,ഫിലിപ്പിനോ,ടർക്കിഷ്,ഉയ്ഘുർ,ഉക്രേനിയൻ,ഉറുദു,വിയറ്റ്നാമീസ്,കാന്റണീസ്,ചൈനീസ് (ചൈന),ചൈനീസ് (ഹോങ്കോങ്),പരമ്പരാഗത ചൈനീസ്
mr-IN,अफ्रिकान्स ,अरबी,अझरबैजानी ,बल्गेरियन ,बंगाली ,बोस्नियन ,कातालान,झेक,डॅनिश,जर्मन,ग्रीक,इंग्रजी,स्पॅनिश,इस्टोनियन ,बास्क,फारसी ,फिन्निश,फ्रेंच,आयरिश ,गॅलिशियन,गुजराती ,हिब्रू,हिंदी,क्रोएशियन,हंगेरियन,इंडोनेशियन,इटालियन,जपानी,जॉर्जियन,कझाक,ख्मेर,कन्नड,कोरियन,किरगीझ,लिथुआनियन,लात्व्हियन,मॅसेडोनियन,मल्याळम,मराठी,मलय,बर्मी,नॉर्वेजियन बोकमाल,डच,पंजाबी,पोलिश,ब्राझिलियन पोर्तुगीज,युरोपियन पोर्तुगीज,रोमानियन,रशियन,स्लोव्हाक,स्लोव्हेनियन,अल्बानियन,सर्बियन,स्वीडिश,स्वाहिली,तामिळ,तेलगू,थाई,फिलिपिनो,तुर्की,उइगुर,युक्रेनियन,उर्दू,व्हिएतनामी,कँटोनीज,चीनी (चीन),चीनी (हाँगकाँग),पारंपारिक चीनी
ms,Afrikaans ,Arab,Azerbaijan,Bulgaria ,Benggali ,Bosnia ,Catalonia,Czech,Denmark,Jerman,Greek,Inggeris,Sepanyol,Estonia ,Basque,Parsi ,Finland,Perancis,Ireland ,Galicia ,Gujerat,Ibrani,Hindi,Croatia ,Hungary,Indonesia,Itali,Jepun,Georgia,Kazakhstan ,Khmer,Kannada,Korea,Kirghiz,Lithuania ,Latvia,Macedonia,Malayalam,Marathi,Melayu,Burma,Bokmal Norway,Belanda,Punjabi,Poland,Portugis Brazil,Portugis Eropah,Romania,Rusia,Slovak,Slovenia,Albania ,Serbia,Sweden,Swahili,Tamil,Telugu,Thai,Filipina ,Turki,Uyghur,Ukraine ,Urdu,Vietnam,Kantonis,Cina (China),Cina (Hong Kong),Cina Tradisional
my,အာဖရိကန်,အာရဗီ,အဇာဘိုင်ဂျန်,ဘူလ်ဂေးရီးယန်း,ဘင်္ဂလား,ဘော့စနီးယန်း,ကတ်တလန်,ချက်,ဒိန်းမတ်,ဂျာမန်,ဂရိ,အင်္ဂလိပ်,စပိန်,အက်စတိုးနီးယား,ဘာစ်ခ်,ပါရှား,ဖင်လန်,ပြင်သစ်,အိုင်းရစ်ရှ်,ဂါလီစီယာ,ဂူဂျာရာတီ,ဟေဗြဲ,ဟင်ဒီ,ခရိုအေးရှန်း,ဟန်ဂေရီ,အင်ဒိုနီးရှား,အီတာလီ,ဂျပန်,ဂျော်ဂျီယန်,ကာဇက်ခ်,ခမာ,ကန်နာဒါ,ကိုရီးယန်း,ကာဂျစ်,လစ်သူယေးနီးယား,လက်ဗီယန်,မက်ဆီဒိုးနီးယန်း,မာလေယာလမ်,မာရသီ,မလေး,မြန်မာ,နော်ဝီဂျီယမ် ဘွတ်ခ်မောလ်,ဒတ်ချ်,ပန်ချာပီ,ပိုလန်,ပေါ်တူဂီ (ဘရာဇီး),ပေါ်တူဂီ (ဥရောပ),ရိုမေးနီးယား,ရုရှား,ဆလိုဗက်,ဆလိုဗေးနီးယား,အယ်လ်ဘေးနီးယား,ဆားဘီးယား,ဆွီဒင်,ဆွာဟီလီ,တမီးလ်,တယ်လူဂူ,ထိုင်း,ဖိလစ်ပိုင်,တူရကီ,ဝီဂါ,ယူကရိန်း,အူရဒူ,ဗီယက်နမ်,ကန်တုံ,တရုတ် (ပြည်မ),တရုတ် (ဟောင်ကောင်),ရှေးသုံးတရုတ်
nb,afrikaans,arabisk,aserbajdsjansk,bulgarsk,bengali,bosnisk,katalansk,tsjekkisk,dansk,tysk,gresk,engelsk,spansk,estisk,baskisk,persisk,finsk,fransk,irsk,galisisk,gujarati,hebraisk,hindi,kroatisk,ungarsk,indonesisk,italiensk,japansk,georgisk,kasakhisk,khmer,kannada,koreansk,kirgisisk,litauisk,latvisk,makedonsk,malayalam,marathi,malayisk,burmesisk,norsk bokmål,nederlandsk,panjabi,polsk,portugisisk (Brasil),portugisisk (Portugal),rumensk,russisk,slovakisk,slovensk,albansk,serbisk,svensk,swahili,tamil,telugu,thai,filipino,tyrkisk,uigurisk,ukrainsk,urdu,vietnamesisk,kantonesisk,kinesisk (Kina),kinesisk (Hongkong),kinesisk (tradisjonell)
nl,Afrikaans,Arabisch,Azerbeidzjaans,Bulgaars,Bengaals,Bosnisch,Catalaans,Tsjechisch,Deens,Duits,Grieks,Engels,Spaans,Ests,Baskisch,Perzisch,Fins,Frans,Iers,Galicisch,Gujarati,Hebreeuws,Hindi,Kroatisch,Hongaars,Indonesisch,Italiaans,Japans,Georgisch,Kazachs,Khmer,Kannada,Koreaans,Kirgizisch,Litouws,Lets,Macedonisch,Malayalam,Marathi,Maleis,Birmaans,Bokmål,Nederlands,Punjabi,Pools,Portugees (Brazilië),Portugees (Portugal),Roemeens,Russisch,Slowaaks,Sloveens,Albanees,Servisch,Zweeds,Swahili,Tamil,Telugu,Thai,Filipijns,Turks,Oeigoers,Oekraïens,Urdu,Vietnamees,Kantonees,Chinees (China),Chinees (Hongkong),Chinees (traditioneel)
pa-IN,ਅਫ਼ਰੀਕਨ,ਅਰਬੀ,ਅਜ਼ਰਬਾਈਜਾਨੀ,ਬੁਲਗਾਰੀਅਨ,ਬੰਗਲਾ,ਬੋਸਨੀਆ,ਕੈਟਾਲਾਨ,ਚੈੱਕ,ਡੈਨਿਸ਼,ਜਰਮਨ,ਗ੍ਰੀਕ,ਅੰਗਰੇਜ਼ੀ,ਸਪੈਨਿਸ਼,ਐਸਟੋਨੀਅਨ,ਬਾਸਕ,ਫ਼ਾਰਸੀ,ਫਿਨਿਸ਼,ਫਰੈਂਚ,ਆਈਰਿਸ਼,ਗੈਲਿਕ,ਗੁਜਰਾਤੀ,ਹਿਬਰੂ,ਹਿੰਦੀ,ਕ੍ਰੋਏਸ਼ੀਅਨ,ਹੰਗੇਰੀਅਨ,ਇੰਡੋਨੇਸ਼ੀਅਨ,ਇਟਾਲੀਅਨ,ਜਾਪਾਨੀ,ਜਾਰਜੀਅਨ,ਕਜ਼ਾਖ,ਖਮੇਰ,ਕੰਨੜ,ਕੋਰੀਅਨ,ਕਿਰਗਿਜ਼,ਲਿਥੁਆਨੀਅਨ,ਲਾਤਵੀਅਨ,ਮੈਸੇਡੋਨੀਅਨ,ਮਲਿਆਲਮ,ਮਰਾਠੀ,ਮਲੇ,ਬਰਮੀਜ਼,ਨਾਰਵੇਜਿਅਨ ਬੋਕਮਾਲ,ਡੱਚ,ਪੰਜਾਬੀ,ਪੋਲਿਸ਼,ਬ੍ਰਾਜ਼ੀਲੀਅਨ,ਪੁਰਤਗਾਲੀ,ਰੋਮਾਨੀਅਨ,ਰੂਸੀ,ਸਲੋਵਾਕ,ਸਲੋਵੇਨੀਅਨ,ਅਲਬਾਨੀਅਨ,ਸਰਬੀਅਨ,ਸਵੀਡਿਸ਼,ਸਵਾਹਿਲੀ,ਤਾਮਿਲ,ਤੇਲਗੂ,ਥਾਈ,ਫਿਲੀਪੀਨੋ,ਤੁਰਕੀ,ਉਇਘੁਰ,ਯੂਕਰੇਨੀ,ਉਰਦੂ,ਵੀਅਤਨਾਮੀ,ਕੈਂਟੋਨੀਜ਼,ਚੀਨੀ (ਚੀਨ),ਚੀਨੀ (ਹਾਂਗਕਾਂਗ),ਰਵਾਇਤੀ ਚੀਨੀ
pl,afrikaans,arabski,azerbejdżański,bułgarski,bengalski,bośniacki,kataloński,czeski,duński,niemiecki,grecki,angielski,hiszpański,estoński,baskijski,perski,fiński,francuski,irlandzki,galicyjski,gudżarati,hebrajski,hindi,chorwacki,węgierski,indonezyjski,włoski,japoński,gruziński,kazachski,khmerski,kannada,koreański,kirgiski,litewski,łotewski,macedoński,malajalam,marathi,malajski,birmański,norweski,niderlandzki,pendżabski,polski,portugalski (Brazylia),portugalski (Portugalia),rumuński,rosyjski,słowacki,słoweński,albański,serbski,szwedzki,suahili,tamilski,telugu,tajski,filipiński,turecki,ujgurski,ukraiński,urdu,wietnamski,kantoński,chiński (Chiny),chiński (Hongkong),chiński tradycyjny
pt-BR,africâner ,árabe,azerbaijano ,búlgaro ,bengali ,bósnio ,catalão,tcheco,dinamarquês,alemão,grego,inglês,espanhol,estoniano ,basco,persa ,finlandês,francês,irlandês,galego,guzerate,hebraico,híndi,croata,húngaro,indonésio,italiano,japonês,georgiano,cazaque,khmer,canarim,coreano,quirguiz,lituano,letão,macedônio,malaiala,marati,malaio,birmanês,bokmål norueguês,holandês,panjabi,polonês,português (Brasil),português (Portugal),romeno,russo,eslovaco,esloveno,albanês,sérvio,sueco,suaíli,tâmil,télugo,tailandês,filipino,turco,uigur,ucraniano,urdu,vietnamita,cantonês,chinês (China),chinês (Hong Kong),chinês tradicional
pt-PT,africanês,árabe,azerbaijano ,búlgaro ,bengalês ,bósnio ,catalão,checo,dinamarquês,alemão,grego,inglês,espanhol,estónio ,basco,persa ,finlandês,francês,irlandês,galego,guzerate,hebraico,hindi,croata,húngaro,indonésio,italiano,japonês,georgiano,cazaque,khmer,canarim,coreano,quirguiz,lituano,letão,macedónio,malaiala,marata,malaio,birmanês,norueguês bokmål,neerlandês,panjabi,polaco,português do Brasil,português europeu,romeno,russo,eslovaco,esloveno,albanês,sérvio,sueco,suaíli,tâmil,telugu,tailandês,filipino,turco,uigur,ucraniano,urdu,vietnamita,cantonês,chinês (China),chinês (Hong Kong),chinês tradicional
ro-RO,afrikaans ,arabă,azeră ,bulgară ,bengaleză ,bosniacă ,catalană,cehă,daneză,germană,greacă,engleză,spaniolă,estonă ,bască,persană ,finlandeză,franceză,irlandeză ,galiciană ,gujarati ,ebraică,hindi ,croată ,maghiară,indoneziană,italiană,japoneză,georgiană,kazahă ,khmeră ,kannada ,coreeană,kârgâză ,lituaniană ,letonă,macedoneană ,malayalam ,marathi ,malaeză,birmană,norvegiană bokmål,neerlandeză,punjabi ,poloneză,portugheză (Brazilia),portugheză (Europa),română ,rusă,slovacă ,slovenă ,albaneză ,sârbă,suedeză,swahili,tamilă ,telugu ,thailandeză,filipineză ,turcă,uigură,ucraineană ,urdu,vietnameză,cantoneză,chineză (China),chineză (Hong Kong),chineză tradițională
ru,Африкаанс ,Арабский,Азербайджанский,Болгарский,Бенгальский,Боснийский,Каталанский,Чешский,Датский,Немецкий,Греческий,Английский,Испанский,Эстонский,Баскский,Персидский,Финский,Французский,Ирландский,Галисийский,Гуджарати,Иврит,Хинди,Хорватский,Венгерский,Индонезийский,Итальянский,Японский,Грузинский,Казахский,Кхмерский,Каннада,Корейский,Киргизский,Литовский,Латышский,Македонский,Малаялам,Маратхи,Малайский,Бирманский,Норвежский букмол,Нидерландский,Панджаби,Польский,Бразильский португальский,Европейский португальский,Румынский,Русский,Словацкий,Словенский,Албанский,Сербский,Шведский,Суахили,Тамильский,Телугу,Тайский,Филиппинский,Турецкий,Уйгурский,Украинский,Урду,Вьетнамский,Кантонский,Китайский (Китай),Китайский (Гонконг),Китайский (традиционное письмо)
sk-SK,Afrikánčina,Arabčina,Azerbajdžančina,Bulharčina,Bengálčina,Bosniačtina,Katalánčina,Čeština,Dánčina,Nemčina,Gréčtina,Angličtina,Španielčina,Estónčina,Baskičtina,Perzština,Fínčina,Francúzština,Írčina,Galícijčina,Gudžarátčina,Hebrejčina,Hindčina,Chorvátčina,Maďarčina,Indonézština,Taliančina,Japončina,Gruzínčina,Kazaština,Khmérčina,Kannadčina,Kórejčina,Kirgizština,Litovčina,Lotyština,Macedónčina,Malajálamčina,Maráthčina,Malajčina,Barmčina,Nórčina,Holandčina,Pandžábčina,Poľština,Portugalčina (brazílska),Portugalčina (európska),Rumunčina,Ruština,Slovenčina,Slovinčina,Albánčina,Srbčina,Švédčina,Swahilčina,Tamilčina,Telugčina,Thajčina,Filipínčina,Turečtina,Ujgurčina,Ukrajinčina,Urdčina,Vietnamčina,Kantončina,Čínština (Čína),Čínština (Hongkong),Čínština (tradičná)
sl-SI,Afrikanščina,Arabščina,Azerbajdžanščina ,Bolgarščina ,Bengalščina,Bosanščina,Katalonščina,Češčina,Danščina,Nemščina,Grščina,Angleščina,Španščina,Estonščina,Baskovščina,Perzijščina,Finščina,Francoščina,Irščina,Galicijščina,Gudžaratščina,Hebrejščina,Hindijščina,Hrvaščina,Madžarščina,Indonezijščina,Italijanščina,Japonščina,Gruzijščina,Kazaščina,Kmerščina,Kanareščina,Korejščina,Kirgiščina ,Litovščina,Latvijščina,Makedonščina,Malajalamščina,Maratščina,Malajščina,Burmanščina,Knjižna norveščina,Nizozemščina,Pandžabščina,Poljščina,Brazilska portugalščina,Evropska portugalščina,Romunščina,Ruščina,Slovaščina,Slovenščina,Albanščina,Srbščina,Švedščina,Svahili,Tamilščina,Telugijščina,Tajščina,Filipinščina,Turščina,Ujgurščina,Ukrajinščina,Urdujščina,Vietnamščina,Kantonščina,Kitajščina (Kitajska),Kitajščina (Hongkong),Tradicionalna kitajščina
sq-AL,Afrikançe,Arabisht,Azerbajxhanisht,Bullgarisht,Bengalisht,Boshnjakisht,Katalanisht,Çekisht,Danisht,Gjermanisht,Greqisht,Anglisht,Spanisht,Estonisht,Baskisht,Persisht,Finlandisht,Frengjisht,Irlandisht,Galicisht,Guxharatisht,Hebraisht,Hindustanisht,Kroatisht,Hungarisht,Indonezisht,Italisht,Japonisht,Gjeorgjisht,Kazakisht,Kmerisht,Kanadisht,Koreançe,Kirgizisht,Lituanisht,Letonisht,Maqedonisht,Malajalamisht,Maratisht,Malajzisht,Birmanisht,Norvegjeze Bokmål,Holandisht,Panxhabe,Polonisht,Portugalisht brazilian,Portugalisht europian,Rumanisht,Rusisht,Sllovakisht,Sllovenisht,Shqip,Serbisht,Suedisht,Suahile,Tamil,Telegu,Tajlandisht,Filipinisht,Turqisht,Ujgurisht,Ukrainisht,Urdu,Vietnamisht,Kantonezisht,Kinezçe (Kina),Kinezçe (Hong Kong),Kinezçe tradicionale
sr,Африканс,Арапски,Азербејџански,Бугарски,Бенгалски,Босански,Каталонски,Чешки,Дански,Немачки,Грчки,Енглески,Шпански,Естонски,Баскијски,Персијски,Фински,Француски,Ирски,Галицијски,Гуџарати,Хебрејски,Хинди,Хрватски,Мађарски,Индонежански,Италијански,Јапански,Грузијски,Казашки,Кмерски,Канада,Корејски,Киргиски,Литвански,Летонски,Македонски,Малајалам,Марати,Малајски,Бурмански,Норвешки букмол,Холандски,Пенџапски,Пољски,Португалски (Бразил),Португалски (Португал),Румунски,Руски,Словачки,Словеначки,Албански,Српски,Шведски,Свахили,Тамилски,Телугу,Тајски,Филипински,Турски,Ујгурски,Украјински,Урду,Вијетнамски,Кантонски,Кинески (Кина),Кинески (Хонг Конг),Традиционални кинески
sv,Afrikaans,Arabiska,Azerbajdzjanska,Bulgariska,Bengali,Bosniska,Katalanska,Tjeckiska,Danska,Tyska,Grekiska,Engelska,Spanska,Estniska,Baskiska,Persiska,Finska,Franska,Iriska,Galiciska,Gujarati,Hebreiska,Hindi,Kroatiska,Ungerska,Indonesiska,Italienska,Japanska,Georgiska,Kazakiska,Kambodjanska,Kannada,Koreanska,Kirgiziska,Litauiska,Lettiska,Makedonska,Malayalam,Marathi,Malajiska,Burmesiska,Norskt bokmål,Nederländska,Punjabi,Polska,Brasiliansk portugisiska,Europeisk portugisiska,Rumänska,Ryska,Slovakiska,Slovenska,Albanska,Serbiska,Svenska,Swahili,Tamil,Telugu,Thailändska,Filippinska,Turkiska,Uiguriska,Ukrainska,Urdu,Vietnamesiska,Kantonesiska,Kinesiska (Kina),Kinesiska (Hongkong),Traditionell kinesiska
sw,Kiafrikana ,Kiarabu,Kiazerbaijani ,Kibulgaria,Kibengali,Kibosnia ,Kikatalani,Kicheki,Kidenmaki,Kijerumani,Kigiriki,Kiingereza,Kihispania,Kiestonia ,Kibaski,Kiajemi ,Kifini,Kifaransa,Kiayalandi ,Kigalisi ,Kigujarati ,Kiebrania,Kihindi ,Kikroasia ,Kihungaria,Kiindonesia,Kiitaliano,Kijapani,Kijojia ,Kikazakh ,Kikambodia,Kikannada ,Kikorea,Kikyrgyz ,Kilithuania ,Kilatvia ,Kimacedonia ,Kimalayalamu ,Kimarathi ,Kimalei,Kiburma,Kinorwe cha Bokmal,Kiholanzi,Kipunjabi ,Kipolandi,Kireno (Brazili),Kireno (Ulaya),Kiromania ,Kirusi,Kislovakia ,Kislovenia ,Kialbania ,Kiserbia,Kiswidi,Kiswahili,Kitamili ,Kitelugu ,Kithai,Kifilipino,Kituruki,Kiuyghur,Kiukraini,Kiurdu,Kivietinamu,Kikantoni,Kichina (Uchina),Kichina (Hong Kong),Kichina cha Jadi
ta-IN,ஆஃப்ரிகான்ஸ் ,அரபிக்,அசர்பைஜானி,பல்கேரியன் ,வங்காளம் ,போஸ்னியன் ,கேட்டலான்,செக்,டேனிஷ்,ஜெர்மன்,கிரேக்கம்,ஆங்கிலம்,ஸ்பானிஷ்,எஸ்டோனியன் ,பாஸ்க்,பெர்ஷியன் ,ஃபின்னிஷ்,பிரெஞ்சு,ஐரிஷ்,காலிஸியன்,குஜராத்தி,ஹீப்ரூ,இந்தி,குரோஷியன்,ஹங்கேரியன்,இந்தோனேஷியன்,இத்தாலியன்,ஜப்பானியம்,ஜார்ஜியன்,கசாக்,கெமெர்,கன்னடம்,கொரியன்,கிர்கிஸ்,லிதுவேனியன்,லாட்வியன்,மாஸிடோனியன்,மலையாளம்,மராத்தி,மலாய்,பர்மீஸ்,நார்வேஜியன் பொக்மால்,டச்சு,பஞ்சாபி,போலிஷ்,பிரேசிலிய போர்ச்சுகீஸ்,ஐரோப்பிய போர்ச்சுகீஸ்,ரோமேனியன்,ரஷியன்,ஸ்லோவாக்,ஸ்லோவேனியன்,அல்பேனியன்,செர்பியன்,ஸ்வீடிஷ்,ஸ்வாஹிலி,தமிழ்,தெலுங்கு,தாய்,ஃபிலிபினோ,துருக்கிஷ்,உய்குர்,உக்ரைனியன்,உருது,வியட்நாமீஸ்,காண்டோனீஸ்,சீனம் (சீனா),சீனம் (ஹாங்காங்),பாரம்பரிய சீனம்
te-IN,ఆఫ్రికాన్స్ ,అరబిక్,అజర్బైజాని ,బల్గేరియన్ ,బంగ్లా ,బోస్నియన్ ,కాటలాన్,చెక్,డానిష్,జర్మన్,గ్రీక్,ఇంగ్లీష్,స్పానిష్,ఎస్టోనియన్ ,బాస్క్యూ,పర్షియన్ ,ఫిన్నిష్,ఫ్రెంచ్,ఐరిష్,గాలిషియన్,గుజరాతి,హిబ్రూ,హిందీ,క్రొయేషియన్,హంగేరియన్,ఇండోనేషియన్,ఇటాలియన్,జపనీస్,జార్జియన్,కజఖ్,ఖ్మేర్,కన్నడ,కొరియన్,కిర్గిజ్,లిథువేనియన్,లాట్వియన్ ,మాసిడోనియన్,మలయాళం,మరాఠీ,మలయ్,బర్మీస్,నార్వేజియన్ బొక్మాల్,డచ్,పంజాబీ,పోలిష్,బ్రెజీలియన్ పోర్చుగీస్,యూరోపియన్ పోర్చుగీస్,రోమేనియన్,రష్యన్,స్లోవక్,స్లోవేనియన్,అల్బేనియన్,సెర్బియన్,స్వీడిష్,స్వాహిలి,తమిళము,తెలుగు,థాయ్,ఫిలిపినో,టర్కిష్,ఉయ్‌ఘర్,ఉక్రెయినియన్,ఉర్దూ,వియత్నామీస్,కాంటనీస్,చైనీస్ (చైనా),చైనీస్ (హాంకాంగ్),సాంప్రదాయక చైనీస్
th,แอฟริกานส์,อาหรับ,อาเซอร์ไบจาน,บัลแกเรีย,เบงกาลี,บอสเนีย,คาตาลัน,เช็ก,เดนมาร์ก,เยอรมัน,กรีก,อังกฤษ,สเปน,เอสโตเนีย,บาสก์,เปอร์เซีย,ฟินแลนด์,ฝรั่งเศส,ไอริช,กาลิเซีย,คุชราต,ฮีบรู,ฮินดี,โครเอเชีย,ฮังการี,อินโดนีเซีย,อิตาลี,ญี่ปุ่น,จอร์เจีย,คาซัค,เขมร,กันนาดา,เกาหลี,คีร์กีซ,ลิทัวเนีย,ลัตเวีย,มาซิโดเนีย,มาลายาลัม,มราฐี,มาเลย์,พม่า,นอร์เวย์บุคมอล,ดัตช์,ปัญจาบ,โปแลนด์,โปรตุเกส (บราซิล),โปรตุเกส (ยุโรป),โรมาเนีย,รัสเซีย,สโลวัก,สโลวีเนีย,แอลเบเนีย,เซอร์เบีย,สวีเดน,สวาฮีลี,ทมิฬ,เตลูกู,ไทย,ฟิลิปปินส์,ตุรกี,อุยกูร์,ยูเครน,อูรดู,เวียดนาม,กวางตุ้ง,จีน (จีน),จีน (ฮ่องกง),จีนตัวเต็ม
tl-PH,Afrikaans,Arabic,Azerbaijani,Bulgarian,Bangla,Bosnian,Catalan,Czech,Danish,German,Greek,English,Spanish,Estonian,Basque,Persian,Finnish,French,Irish,Galician,Gujarati,Hebrew,Hindi,Croatian,Hungarian,Indonesian,Italian,Japanese,Georgian,Kazakh,Khmer,Kannada,Korean,Kirghiz,Lithuanian,Latvian,Macedonian,Malayalam,Marathi,Malay,Burmese,Norwegian Bokmål,Dutch,Punjabi,Polish,Portuguese (Brazil),Portuguese (Portugal),Romanian,Russian,Slovak,Slovenian,Albanian,Serbian,Swedish,Swahili,Tamil,Telugu,Thai,Filipino,Turkish,Uyghur,Ukranian,Urdu,Vietnamese,Cantonese,Chinese (China),Chinese (Hong Kong),Traditional Chinese
tr,Afrikanca ,Arapça,Azerice ,Bulgarca ,Bengalce ,Boşnakça ,Katalanca,Çekçe,Danca,Almanca,Yunanca,İngilizce,İspanyolca,Estonca ,Baskça,Farsça ,Fince,Fransızca,İrlandaca,Galiçyaca ,Gücaratça,İbranice,Hintçe,Hırvatça,Macarca,Endonezce,İtalyanca,Japonca,Gürcüce,Kazakça,Khmer,Kannada,Korece,Kırgızca,Litvanca,Letonca,Makedonca,Malayalam,Marati,Malayca,Birmanca,Norveççe Bokmål,Felemenkçe,Pencapça,Lehçe,Brezilya Portekizcesi,Avrupa Portekizcesi,Romence,Rusça,Slovakça,Slovence,Arnavutça,Sırpça,İsveççe,Svahili,Tamilce,Telugu,Tayca,Filipince,Türkçe,Uygurca,Ukraynaca,Urduca,Vietnamca,Kantonca,Çince (Çin),Çince (Hong Kong),Geleneksel Çince
ug,ئافرىقىچە ,ئەرەبچە,ئەزاربەيجانچە ,بۇلغارچە ,بېنگالىچە ,بوسنىيەچە ,كاتالانچە,چېىخچە,دانىيەچە,گېرمانچە,گېرىكچە,ئېنگلىزچە,ئىسپانچە,ئېستونچە ,باشقەچە,پارسچە ,فىنچە,فرانسۇزچە,ئېرلاندىچە,گالىسىيەنچە ,گۇجارېتچە ,ئىبرانىچە,ھىندىچە ,كىرودىيەچە ,ۋىنگىرچە ,ھىندىنوزىيەچە,ئىتالىيانچە,ياپونچە,گىرۇزىنچە ,قازاقچە ,كمېرچە ,كانناداچە ,كورېيانچە (كورېيە),قىرغىزچە,لىتۋاچە ,لاتۋىيەچە ,ماكېدونىيەچە ,مالايالامچە,ماراتىچە ,مالايچە,بىرمىچە,نورۋىگىيە بوكمالچە,گوللاندىيەچە,پانجاپچە ,پولەكچە,بىرازىلىيە پورتۇگالچە,ياۋروپا پورتۇگالچە,رومانىيەنچە,رۇسچە,سلوۋاكچە,سىلوۋېنىيەچە ,ئالبانچە ,سېربچە (سېربىيە),شۋېدچە (شۋېتسىيە),سۋاخىلىچە,تامىلچە,تېلۇگۇچە ,تايلاندچە,فىلىپىنچە ,تۈركچە,ئۇيغۇرچە,ئۇكرائىناچە,ئوردۇچە,ۋېيتنامچە,گۇاڭدوڭ دىئالىكىتى,خەنزۇچە (جۇڭگو),خەنزۇچە (شىياڭگاڭ),ئەنئەنۋىي خەنزۇچە
uk-UA,Африкаанс ,Арабська,Азербайджанська,Болгарська,Бенгальська,Боснійська,Каталонська,Чеська,Данська,Німецька,Грецька,Англійська,Іспанська,Естонська,Баскська,Перська,Фінська,Французька,Ірландська,Галісійська,Гуджараті,Іврит,Гінді,Хорватська,Угорська,Індонезійська,Італійська,Японська,Грузинська,Казахська,Кхмерська,Каннада,Корейська,Киргизька,Литовська,Латиська,Македонська,Малаялам,Маратхі,Малайська,Бірманська,Норвезька,Нідерландська,Панджабі,Польська,Бразильська португальська,Європейська португальська,Румунська,Російська,Словацька,Словенська,Албанська,Сербська,Шведська,Суахілі,Тамільська,Телугу,Тайська,Філіппінська,Турецька,Уйгурська,Українська,Урду,Вʼєтнамська,Кантонська,Китайська (Китай),Китайська (Гонконг),Китайська (традиційне письмо)
ur,افریکانز,عربی,آذربائیجانی ,بلغاری,بنگلہ ,بوسنیائی,کاتالونیائی ,چیک,ڈینش,جرمن,یونانی,انگریزی,ہسپانوی,اسٹونین,باسکی,فارسی,فینش,فرانسیسی,آئرش,گالیشیائی ,گجراتی,عبرانی,ہندی ,کرویئشین,ہنگیرین,انڈونیشیائی,اطالوی,جاپانی,جارجیائی,قازق,خمیر,کنّاڈا ,کوریائی,کرغیزی,لیتھوینین ,لیٹوین ,مقدونیائی,ملیالم,مراٹهی,مالے,برمی,نارویجین بوکمل,ڈچ,پنجابی,پولش,برازیلی پرتگالی,یورپی پرتگالی,رومانین,روسی,سلوواک,سلووینیائی,البانی ,سربین,سویڈش,سواحلی,تمل,تیلگو,تھائی,فلیپینو,ترکی,اویغور,یوکرینیائی,اردو,ویتنامی,کینٹنی,چینی (چین),چینی (ہانگ کانگ),روایتی چینی
vi,Tiếng Afrikaans,Tiếng Ả Rập,Tiếng Azerbaijan,Tiếng Bulgaria,Tiếng Bangla,Tiếng Bosnia,Tiếng Catalan,Tiếng Séc,Tiếng Đan Mạch,Tiếng Đức,Tiếng Hy Lạp,Tiếng Anh,Tiếng Tây Ban Nha,Tiếng Estonia,Tiếng Basque,Tiếng Ba Tư,Tiếng Phần Lan,Tiếng Pháp,Tiếng Ireland,Tiếng Galicia,Tiếng Gujarat,Tiếng Do Thái,Tiếng Hindi,Tiếng Croatia,Tiếng Hungary,Tiếng Indonesia,Tiếng Italy,Tiếng Nhật,Tiếng Georgia,Tiếng Kazakh,Tiếng Khmer,Tiếng Kannada,Tiếng Hàn,Tiếng Kyrgyz,Tiếng Litva,Tiếng Latvia,Tiếng Macedonia,Tiếng Malayalam,Tiếng Marathi,Tiếng Mã Lai,Tiếng Miến Điện,Tiếng Na Uy,Tiếng Hà Lan,Tiếng Punjab,Tiếng Ba Lan,Tiếng Bồ Đào Nha (Brazil),Tiếng Bồ Đào Nha (Bồ Đào Nha),Tiếng Romania,Tiếng Nga,Tiếng Slovak,Tiếng Slovenia,Tiếng Albania,Tiếng Serbia,Tiếng Thụy Điển,Tiếng Swahili,Tiếng Tamil,Tiếng Telugu,Tiếng Thái,Tiếng Philippines,Tiếng Thổ Nhĩ Kỳ,Tiếng Duy Ngô Nhĩ,Tiếng Ukraina,Tiếng Urdu,Tiếng Việt,Tiếng Quảng Đông,Tiếng Trung (Trung Quốc),Tiếng Trung (Hồng Kông),Tiếng Trung Phồn Thể
yue,南非荷蘭文,阿拉伯文,阿塞拜疆文,保加利亞文,孟加拉文,波斯尼亞文,加泰隆尼亞文,捷克文,丹麥文,德文,希臘文,英文,西班牙文,愛沙尼亞文,巴斯克文,波斯文,芬蘭文,法文,愛爾蘭文,加利西亞文,古吉拉特文,希伯來文,印地文,克羅地亞文,匈牙利文,印尼文,意大利文,日文,格魯吉亞文,哈薩克文,高棉文,坎納達文,韓文,吉爾吉斯文,立陶宛文,拉脫維亞文,馬其頓文,馬拉雅拉姆文,馬拉地文,馬來文,緬甸文,巴克摩挪威文,荷蘭文,旁遮普文,波蘭文,巴西葡萄牙文,歐洲葡萄牙文,羅馬尼亞文,俄文,斯洛伐克文,斯洛文尼亞文,阿爾巴尼亞文,塞爾維亞文,瑞典文,史瓦希利文,泰米爾文,泰盧固文,泰文,菲律賓文,土耳其文,維吾爾文,烏克蘭文,烏爾都文,越南文,廣東話,中文（中國）,中文（香港）,繁體中文
zh-CN,南非荷兰语,阿拉伯语,阿塞拜疆语,保加利亚语,孟加拉语,波斯尼亚语,加泰罗尼亚语,捷克语,丹麦语,德语,希腊语,英语,西班牙语,爱沙尼亚语,巴斯克语,波斯语,芬兰语,法语,爱尔兰语,加利西亚语,古吉拉特语,希伯来语,印地语,克罗地亚语,匈牙利语,印度尼西亚语,意大利语,日语,格鲁吉亚语,哈萨克语,高棉语,卡纳达语,韩语,柯尔克孜语,立陶宛语,拉脱维亚语,马其顿语,马拉雅拉姆语,马拉地语,马来语,缅甸语,巴克摩挪威语,荷兰语,旁遮普语,波兰语,巴西葡萄牙语,欧洲葡萄牙语,罗马尼亚语,俄语,斯洛伐克语,斯洛文尼亚语,阿尔巴尼亚语,塞尔维亚语,瑞典语,斯瓦希里语,泰米尔语,泰卢固语,泰语,菲律宾语,土耳其语,维吾尔语,乌克兰语,乌尔都语,越南语,粤语,中文（中国）,中文（香港）,繁体中文
zh-HK,南非荷蘭文,阿拉伯文,阿塞拜疆文,保加利亞文,孟加拉文,波斯尼亞文,加泰隆尼亞文,捷克文,丹麥文,德文,希臘文,英文,西班牙文,愛沙尼亞文,巴斯克文,波斯文,芬蘭文,法文,愛爾蘭文,加利西亞文,古吉拉特文,希伯來文,印地文,克羅地亞文,匈牙利文,印尼文,意大利文,日文,格魯吉亞文,哈薩克文,高棉文,坎納達文,韓文,吉爾吉斯文,立陶宛文,拉脫維亞文,馬其頓文,馬拉雅拉姆文,馬拉地文,馬來文,緬甸文,巴克摩挪威文,荷蘭文,旁遮普文,波蘭文,巴西葡萄牙文,歐洲葡萄牙文,羅馬尼亞文,俄文,斯洛伐克文,斯洛文尼亞文,阿爾巴尼亞文,塞爾維亞文,瑞典文,史瓦希利文,泰米爾文,泰盧固文,泰文,菲律賓文,土耳其文,維吾爾文,烏克蘭文,烏爾都文,越南文,廣東話,中文（中國）,中文（香港）,繁體中文
zh-Hant,南非荷蘭文,阿拉伯文,亞塞拜然文,保加利亞文,孟加拉文,波士尼亞文,加泰蘭文,捷克文,丹麥文,德文,希臘文,英文,西班牙文,愛沙尼亞文,巴斯克文,波斯文,芬蘭文,法文,愛爾蘭文,加利西亞文,古吉拉特文,希伯來文,印地文,克羅埃西亞文,匈牙利文,印尼文,義大利文,日文,喬治亞文,哈薩克文,高棉文,坎那達文,韓文,吉爾吉斯文,立陶宛文,拉脫維亞文,馬其頓文,馬來亞拉姆文,馬拉地文,馬來文,緬甸文,巴克摩挪威文,荷蘭文,旁遮普文,波蘭文,葡萄牙文（巴西）,葡萄牙文（葡萄牙）,羅馬尼亞文,俄文,斯洛伐克文,斯洛維尼亞文,阿爾巴尼亞文,塞爾維亞文,瑞典文,史瓦希利文,坦米爾文,泰盧固文,泰文,菲律賓文,土耳其文,維吾爾文,烏克蘭文,烏都文,越南文,粵語,中文（中國）,中文（香港）,繁體中文
